Player,Total Kills,Total Headshots,Kills per Round,Headshots per Round,Rounds played
donk,9021,5484.767999999999,0.9273231907894737,0.5638124999999999,9728
ZywOo,8368,3581.5039999999995,0.8502336923389555,0.3639000203210729,9842
m0NESY,8387,3413.509,0.8101033516855017,0.32971206413599924,10353
kyousuke,7487,4357.434,0.8332776850306066,0.484967612687813,8985
kl1m,3934,1687.6860000000001,0.8340046639813441,0.3577880008479966,4717
Luken,4715,2833.715,0.7825726141078838,0.4703261410788382,6025
blameF,9978,4579.902,0.7766793804000934,0.3564958356036429,12847
asap,6620,3429.16,0.7577838827838828,0.39253205128205126,8736
JamYoung,6638,4009.3520000000003,0.7477751492621381,0.45165619015433145,8877
slaxejezzz,5359,2904.578,0.7690872560275546,0.41684529276693455,6968
insani,8768,4848.704,0.7531998969160725,0.41651954299458804,11641
KSCERATO,8171,4240.749,0.7191515578243267,0.3732396585108255,11362
nettik,4799,2754.6259999999997,0.7463452566096423,0.42840217729393465,6430
deko,8461,3528.237,0.7920059908265469,0.33026649817467,10683
ADDICT,5254,3036.812,0.7345169858800503,0.4245508178386691,7153
sh1ro,6544,2238.0480000000002,0.7724268177525968,0.2641699716713881,8472
MaSvAl,8204,4774.728,0.7193967029112592,0.41868888109435287,11404
latto,9086,4933.698,0.7254291417165669,0.39390802395209584,12525
HexT,9165,4939.935,0.722051524462302,0.3891857716851808,12693
qqGOD,3216,1627.296,0.7352537722908093,0.3720384087791495,4374
try,7077,2590.1820000000002,0.7738655002733734,0.2832347731000547,9145
vsm,7597,4656.960999999999,0.7544939914589334,0.4625048167643261,10069
junior,10317,3600.633,0.765867418899859,0.26728772919605076,13471
h4rn,3342,1186.41,0.7698686938493434,0.27330338631651696,4341
BiBiAhn,3410,1691.36,0.7618409294012511,0.3778731009830205,4476
tomaszin,10668,5643.371999999999,0.7455447620378782,0.39439317911803756,14309
molodoy,6858,2338.578,0.7770224337185588,0.26496464989802854,8826
Jeorge,9422,4984.238,0.725383016398491,0.3837276156748018,12989
XANTARES,8070,4478.85,0.7505580357142857,0.4165597098214286,10752
nilo,8903,5065.807,0.769955893799187,0.4381049035717374,11563
Ph1NNN,3532,1882.5559999999998,0.743578947368421,0.39632757894736836,4750
Magnojez,10615,5763.945,0.7454877449259077,0.4047998454947679,14239
npl,11361,6464.409000000001,0.7457660496258369,0.42434088223710126,15234
HeavyGod,7128,4005.936,0.714514835605453,0.40155733761026463,9976
Wolffe,5913,3453.192,0.7380179730404394,0.4310024962556166,8012
Lake,7639,3941.724,0.7530559936908517,0.3885768927444795,10144
cairne,7120,3787.84,0.7497104348741708,0.3988459513530589,9497
gr1ks,11694,3952.5719999999997,0.7712194156829123,0.26067216250082437,15163
frozen,8076,4167.216,0.7164655784244145,0.3696962384669979,11272
piriajr,8801,4787.744,0.7539621348410863,0.4101554013535509,11673
xelex,4809,3068.1420000000003,0.7554194156456173,0.4819575871819039,6366
Fawx,3848,1400.6719999999998,0.7856267864434463,0.2859681502654144,4898
NiKo,7847,4323.697,0.7229592776856458,0.39835056200479085,10854
Zucar,3697,1996.38,0.7303437376531016,0.3943856183326749,5062
ropz,8556,4551.792,0.7342315283617953,0.3906111730884751,11653
ct0m,3629,2141.11,0.7318007662835249,0.4317624521072797,4959
smooya,8232,2617.776,0.7845977887914601,0.2495020968356843,10492
Twistzz,7847,4668.965,0.7176696542893726,0.4270134443021767,10934
mhL,4626,1637.604,0.768821671929533,0.2721628718630547,6017
empathy,4605,2113.695,0.7819663779928681,0.3589225674987265,5889
dea,7424,2850.816,0.7537055837563452,0.2894229441624365,9850
dumau,9361,4287.338,0.7473852295409181,0.3423024351297405,12525
Chucky,5610,1941.06,0.7333333333333333,0.2537333333333333,7650
vicu,4299,1362.783,0.7582010582010582,0.24034973544973542,5670
sk0R,5413,2733.565,0.7928812069723158,0.4004050095210195,6827
makazze,8825,4721.375,0.7399178334870462,0.3958560409155697,11927
r3salt,12941,7570.485,0.7329104604406185,0.42875261935776177,17657
phzy,7549,2460.974,0.7433776464795667,0.24234111275233877,10155
tenzy,7401,4662.63,0.7421036799358267,0.46752531835957084,9973
z4KR,5987,2412.761,0.734601226993865,0.2960442944785276,8150
ASTRA,3101,1224.895,0.7247020331853237,0.28625730310820285,4279
b1t,7092,4482.144,0.7218320610687022,0.4561978625954199,9825
MATYS,10037,6453.791,0.7397553066037735,0.47566266214622643,13568
Brehze,3686,2171.054,0.7328031809145129,0.43162107355864815,5030
Senzu,7733,4678.465,0.7396461023433764,0.44748589191774274,10455
shadiy,5251,2614.998,0.7489659107117387,0.3729850235344459,7011
nEMANHA,16304,8967.2,0.7178267952274028,0.3948047373750716,22713
xKacpersky,7407,4118.292,0.7444221105527639,0.4138986934673367,9950
MarKE,5725,3297.6,0.7172387872713606,0.41312954146830366,7982
z1Nny,9149,5269.8240000000005,0.7198835470926115,0.4146529231253443,12709
MaiL09,5537,3493.847,0.7304749340369393,0.4609296833773087,7580
koala,10307,5318.412,0.7132378382118885,0.3680307245173345,14451
Alv,5472,1855.0079999999998,0.7779357406880865,0.2637202160932613,7034
mizu,6054,3039.1079999999997,0.7181494661921708,0.36051103202846974,8430
Rainwaker,9294,4238.064,0.7058019441069259,0.32184568651275824,13168
flouzer,5761,2984.198,0.7325788402848423,0.3794758392675483,7864
slaxz-,8378,2789.874,0.7262482662968099,0.2418406726768377,11536
ANa,3224,893.048,0.7397888939880679,0.20492152363469482,4358
dav1deuS,9881,5414.788,0.7409823772028497,0.40605834270716157,13335
Zesta,4062,2465.634,0.7248394004282656,0.43997751605995716,5604
Dawy,7172,3715.0959999999995,0.7473947478115882,0.3871504793664026,9596
Kaide,11851,5949.202000000001,0.7544563279857398,0.37873707664884143,15708
flameZ,6852,3652.116,0.6961999593578541,0.3710745783377362,9842
tN1R,11001,6347.577000000001,0.7221346987002757,0.4166717211500591,15234
ChildKing,5905,3507.57,0.7528046914839368,0.44716598674145847,7844
malbsMd,8310,5476.29,0.736832771768044,0.48557279659514097,11278
doc,12432,6850.032000000001,0.745994599459946,0.4110430243024303,16665
BeaKie,3339,1532.601,0.7165236051502146,0.3288843347639485,4660
jambo,12455,5168.825,0.741104367487802,0.3075583125074378,16806
d1Ledez,11030,6761.39,0.7155368147907882,0.4386240674667532,15415
ewjerkz,7321,3931.377,0.6922931442080378,0.37176141843971633,10575
PwnAlone,3161,1090.545,0.733921523101927,0.2532029254701649,4307
Infinite,5039,2660.592,0.7069304152637486,0.3732592592592593,7128
luchov,10959,6980.883000000001,0.7276409268972843,0.4635072704335702,15061
ckzao,4932,2727.3959999999997,0.732185273159145,0.4048984560570071,6736
Pose1doNN,5074,2024.526,0.7697208737864077,0.3071186286407767,6592
HObbit,6798,3412.5960000000005,0.7225765306122449,0.36273341836734696,9408
Lucky,12369,5813.43,0.7204683131407269,0.33862010717614166,17168
MiQ,4377,2131.599,0.7379868487607486,0.3593995953464846,5931
kashl1d,6147,2003.922,0.7054165710351159,0.2299658021574478,8714
Moseyuh,5222,2919.098,0.7132905340800437,0.3987294085507444,7321
EliGE,6801,3706.545,0.73996300728974,0.4032798389729083,9191
demente,3703,1966.2930000000001,0.7255094043887147,0.38524549373040756,5104
JBa,7700,4211.9,0.7086324314375115,0.3876219399963188,10866
INS,5053,2481.023,0.7024885305157792,0.34492186848324763,7193
reiko,10921,5209.317,0.763439356868228,0.3641605732261447,14305
aliStair,5234,1685.3480000000002,0.7032110708047831,0.22643396479914016,7443
MartinezSa,8926,3249.064,0.7362256680963378,0.267986143187067,12124
Sonic,7468,4092.4639999999995,0.7209886078393513,0.3951017570959644,10358
Hanka,3141,1491.975,0.7232327883951186,0.3435355744876813,4343
ryu,10043,5533.693,0.7102043702708436,0.39132260801923485,14141
Kvem,8634,4990.451999999999,0.747920997920998,0.43229833679833674,11544
oSee,6609,2366.022,0.7162674758859868,0.2564237563671833,9227
nin9,5949,2320.11,0.7211783246454115,0.28125954661171054,8249
w0nderful,7519,2819.625,0.7220088342615709,0.2707533128480891,10414
gbb,10618,5436.416,0.7159328433686197,0.36655761580473334,14831
nicoodoz,11310,5406.18,0.7703310175725377,0.3682182263996731,14682
cool4st,4653,1889.1180000000002,0.7260102980184117,0.29476018099547513,6409
Krimbo,7113,3691.647,0.6809304997128087,0.35340292935094775,10446
St0m4k,3826,1955.086,0.703179562580408,0.35932475647858847,5441
OneUn1que,7012,3576.12,0.7217704580545549,0.3681029336078229,9715
lattykk,7663,2804.658,0.7138332557056357,0.26126297158826267,10735
CLASIA,4551,2389.275,0.6794565541952822,0.3567146909525232,6698
Spinx,6945,3910.035,0.7228351373855121,0.40695618234804326,9608
sliimey,4891,2567.775,0.7150584795321637,0.375405701754386,6840
decenty,9543,4971.903,0.7414342319944061,0.38628723486908556,12871
Fruitcupx,6165,3156.48,0.7282929710572947,0.3728860011813349,8465
Liazz,4905,2359.305,0.6652651566526515,0.31999254034992536,7373
adamb,9730,5516.91,0.7064033686656018,0.40053071003339624,13774
consti,5599,2077.229,0.7310353832092963,0.2712141271706489,7659
z1k4,5864,1923.3919999999998,0.7479591836734694,0.24533061224489794,7840
JDC,8920,4584.88,0.7225597407857433,0.371395706763872,12345
shg,3414,2041.572,0.7161736941472624,0.42827186910006293,4767
Grizz,7502,4201.12,0.7344101811062164,0.41126970141948116,10215
k0s,3262,1614.69,0.729917207428955,0.36130901767733276,4469
Vexite,5120,2887.68,0.7118031419435562,0.4014569720561657,7193
tAk,3842,1974.7879999999998,0.7250424608416682,0.3726718248726174,5299
Porya,3196,1671.5079999999998,0.7240598096964205,0.37868328047122785,4414
xeedo,6266,3252.0539999999996,0.7253154300266235,0.3764387081838175,8639
Caleyy,6921,4256.415,0.7619729164373005,0.46861334360893975,9083
REZ,6946,3973.112,0.7176361194338258,0.41048786031614837,9679
Tiger,3894,1401.84,0.7323678766221553,0.2636524355839759,5317
Swisher,7928,3813.368,0.6792905492245738,0.32673875417702,11671
dwushka,6948,4432.824,0.7038800526795664,0.44907547360956335,9871
dgt,7415,3878.045,0.7322010467068233,0.3829411474276686,10127
lauNX,9091,5200.052,0.7197371546195868,0.4116896524424036,12631
FaNg,5818,3496.618,0.7614186624787331,0.4576126161497186,7641
nqz,9013,2902.186,0.7031518177562802,0.22641488531752224,12818
stressarN,5061,2692.452,0.7353966870095903,0.39123103748910204,6882
flayy,9066,3336.288,0.738093299682488,0.27161833428315557,12283
Wicadia,8138,4459.624,0.739347687835014,0.40516253293358767,11007
xertioN,7393,3822.1810000000005,0.7101825168107588,0.3671643611911624,10410
nardes,4181,1421.54,0.7181380968739265,0.244166952937135,5822
jL,4749,2654.691,0.7003391830113552,0.39148960330334753,6781
venomzera,10262,6136.6759999999995,0.6859625668449197,0.410205614973262,14960
eraa,12349,4322.15,0.7748635251302002,0.27120223379557,15937
JBOEN,5169,2005.572,0.7272087788407429,0.2821570061902082,7108
spirit,8212,4598.72,0.7148950988073475,0.40034125533211457,11487
DGL,4668,1787.844,0.750965250965251,0.2876196911196911,6216
yAmi,5116,2813.8,0.7377072819033886,0.4057390050468638,6935
leakz,6755,3863.86,0.7043061203211344,0.40286310082368887,9591
regali,3757,1423.9029999999998,0.7416107382550335,0.2810704697986577,5066
PR,9117,4886.712,0.7069085833914864,0.3789030006978367,12897
L1haNg,7058,4100.698,0.7238231976207569,0.42054127781765976,9751
keen,4804,1844.736,0.7407864302235929,0.2844619892058597,6485
soulfly,8749,4496.986,0.7202008561080013,0.37018324003951264,12148
HEN1,6416,2104.448,0.6762938758300833,0.2218243912722673,9487
Banjo,7809,3873.264,0.674993517157922,0.33479678451032935,11569
Djon8,10134,5837.184,0.7394381612550164,0.42591638088288947,13705
syph0,8021,4660.201,0.6952413972436509,0.40393525179856116,11537
xfl0ud,8335,4492.565,0.7070749915167968,0.3811134204275534,11788
cobrazera,5115,3033.195,0.7137873290538654,0.42327588612894224,7166
maxster,7407,4229.397,0.704690324422034,0.40237817524498143,10511
poiii,9103,5234.225,0.7145772823612528,0.41088193735772044,12739
Ax1Le,7529,3749.4419999999996,0.6942369755647764,0.3457300138312586,10845
Jame,10169,3081.2070000000003,0.6995253491091697,0.21195618078007844,14537
FenomeN,12227,3790.37,0.7132357230356414,0.22110307414104882,17143
Starry,5403,3225.5910000000003,0.7148716591690923,0.4267783805239482,7558
executor,10200,5232.6,0.6754966887417219,0.34652980132450334,15100
spooke,11132,6501.088,0.7229510326016366,0.4222034030393557,15398
r1nkle,8420,3115.4,0.7455285992562423,0.27584558172480966,11294
ICY,6386,2088.222,0.7131211613623674,0.23319061976549416,8955
sugaR,9806,5863.987999999999,0.6902231294432322,0.41275343140705284,14207
tasman,4407,2626.572,0.7129914253357061,0.4249428895000809,6181
ArtFr0st,9267,2511.357,0.725174113780421,0.1965221848344941,12779
Bwills,3692,1930.9159999999997,0.7060623446165615,0.3692706062344616,5229
Zyphon,11385,6648.84,0.71671388101983,0.41856090651558076,15885
saadzin,9154,3423.5959999999995,0.6970227670753065,0.26068651488616457,13133
MagnumZ,3240,1224.7199999999998,0.7368660450307027,0.2785353650216056,4397
oskar,8998,3194.29,0.7497083819363439,0.2661464755874021,12002
snav,10064,4760.272,0.6975325755475464,0.32993290823398946,14428
oz1k,5406,3140.8860000000004,0.674569503369104,0.3919248814574495,8014
lash,4406,1533.2879999999998,0.7008111977095595,0.24388229680292664,6287
Jee,5637,1826.388,0.7225996667093962,0.23412229201384438,7801
jottAAA,8230,4666.41,0.7150925362759579,0.40545746806846816,11509
HUASOPEEK,8394,4986.036,0.6844980836663133,0.4065918616977901,12263
Markoś,6571,2142.146,0.6965232139071443,0.22706656773372907,9434
Drox,3237,1926.015,0.7335146159075459,0.4364411964649898,4413
b1elany,11004,5942.16,0.688137077105872,0.3715940216371709,15991
Kylar,5963,3542.022,0.6907216494845361,0.4102886597938144,8633
draken,10240,3368.96,0.7366906474820144,0.24237122302158273,13900
qw1nk1,5227,3172.789,0.6754975445851641,0.41002700956319466,7738
Maka,10617,4299.885,0.6971567404294439,0.28234847987392475,15229
lux,9417,4934.508,0.6958031624057928,0.36460085710063544,13534
glowiing,13788,7817.796000000001,0.7118959107806692,0.4036449814126395,19368
aNdu,7661,4497.0070000000005,0.7249242997728993,0.4255305639666919,10568
br0,6683,3815.993,0.692538860103627,0.395439689119171,9650
coldzera,8272,4152.544,0.6961790944285474,0.3494819054031308,11882
Plopski,8208,4128.624,0.7068549776093697,0.3555480537375129,11612
avid,11679,6224.906999999999,0.6975869071795484,0.3718138215266993,16742
Terryyy,3444,1728.8880000000001,0.7214076246334311,0.3621466275659824,4774
relaxxie,6972,3499.9440000000004,0.7100519401161014,0.356446073938283,9819
tex1y,10620,5957.82,0.6877347493847947,0.38581919440486984,15442
dem0n,9119,6328.586000000001,0.6910427402243104,0.4795836617156715,13196
bnox,14106,7983.996,0.707280385078219,0.40032069795427194,19944
misutaaa,8675,5118.25,0.7068361443819767,0.41703332518536623,12273
Jimpphat,6377,3316.04,0.6690096516995384,0.34788501888375994,9532
thamlike,4507,2267.0209999999997,0.6789695691473335,0.3415216932811087,6638
chengking,3241,1646.4279999999999,0.7306131650135257,0.371151487826871,4436
frontales,4202,1458.0940000000003,0.7090786365170435,0.24605028687141414,5926
j3kie,10559,6852.791000000001,0.7217361585782638,0.4684067669172933,14630
REDSTAR,8729,4888.24,0.7070306172039527,0.3959371456342135,12346
atarax1a,6213,2168.337,0.7077115844629229,0.2469913429775601,8779
hardzao,8938,4638.822,0.7057801642451043,0.3662999052432091,12664
NertZ,7723,4139.528,0.7208325555348143,0.38636624976666045,10714
ksloks,8137,4516.035,0.7070119037275175,0.39239160656877226,11509
SHOCK,13698,7739.37,0.6738820288286516,0.3807433462881881,20327
Cxzi,7794,3585.24,0.7127572016460906,0.32786831275720163,10935
dpr,4205,1980.555,0.6948116325181758,0.3272562789160608,6052
maxxkor,7058,2625.5760000000005,0.7055883235029491,0.26247885634309714,10003
laxiee,4867,2715.7859999999996,0.7396656534954408,0.41273343465045587,6580
jocab,6751,3389.002,0.7242785108893895,0.36358781246647354,9321
aidKiT,3806,1275.01,0.7274464831804281,0.2436945718654434,5232
sl3nd,5876,1862.6919999999998,0.7057410521258708,0.223719913523901,8326
nut nut,9743,5631.454000000001,0.6625186998504012,0.38293580851353193,14706
clax,12792,7317.024,0.6888158957514404,0.39400269236982394,18571
Alkaren,5233,1606.531,0.7006292676395769,0.21509318516535011,7469
swiz,5315,2843.525,0.7252012552872151,0.3879826715786601,7329
m1N1,5565,2270.5199999999995,0.7406175139739154,0.3021719457013574,7514
n0rb3r7,6894,3522.8340000000003,0.6750881316098707,0.34497003525264397,10212
kisserek,9128,5066.04,0.6884899683210137,0.3821119324181626,13258
XELLOW,11989,4927.479,0.7193256134877303,0.29564282714345713,16667
drac,5551,2653.3779999999997,0.690508769747481,0.3300631919392959,8039
xerolte,5476,3033.7039999999997,0.7007934476580496,0.3882395700025595,7814
JOTA,3922,1984.5320000000002,0.691710758377425,0.3500056437389771,5670
Woro2k,10111,3973.623,0.7576052749887606,0.29773887307058294,13346
suonko,5944,3566.4,0.715627257404286,0.42937635444257166,8306
hazr,5064,3068.784,0.6839546191247974,0.41447649918962726,7404
cJ dA K1nG,6086,3249.9239999999995,0.7054596035701867,0.3767154283064796,8627
Jorko,4141,1478.3370000000002,0.7179264909847434,0.2562997572815534,5768
pancc,4127,2476.2,0.6911740077039022,0.41470440462234126,5971
sirah,12564,6947.892,0.7097102186070158,0.3924697508896797,17703
mopoz,10243,5582.435,0.6779851734180566,0.3695019195128409,15108
DemQQ,10804,6374.36,0.6869277721261444,0.40528738555442523,15728
tomate,7589,3840.034,0.6845570990438391,0.3463858921161826,11086
oopee,4680,2545.92,0.729995320542817,0.3971174543752925,6411
8Juho8,3209,1681.516,0.707763564181738,0.37086810763123074,4534
ogwizard,5788,2048.9519999999998,0.7280503144654088,0.2577298113207547,7950
M1key,10651,5016.621,0.716129899818463,0.33729718281449605,14873
zweih,7077,3814.5029999999997,0.6900351014040562,0.37192891965678626,10256
Mercury,6191,3349.331,0.6974202996507829,0.3773043821110736,8877
wieenN,2957,1803.77,0.7175442853676293,0.4377020140742538,4121
afro,8748,2869.3439999999996,0.7065665132057184,0.23175381633147563,12381
kensizor,8376,5042.352,0.7255088783022954,0.4367563447379818,11545
reck,6307,3399.473,0.6678314273612876,0.359961139347734,9444
danistzz,10038,4758.012,0.7192089990685677,0.3409050655585011,13957
s0und,11943,7786.835999999999,0.7099209415680913,0.4628684539023955,16823
shane,7982,4781.218,0.6837416481069042,0.4095612472160356,11674
device,6890,2383.94,0.7058703001741625,0.24423112386026022,9761
forsyy,13945,4406.62,0.7132992327365729,0.22540255754475702,19550
xiELO,10554,6364.062,0.7160594341542845,0.43178383879503357,14739
dziugss,8525,4799.575,0.6657035764485397,0.37479111354052785,12806
NAF,6295,3109.73,0.6750670241286864,0.33348310991957103,9325
rage,3988,2077.748,0.7499059796916134,0.3907010154193306,5318
Kursy,4704,2187.36,0.7579761521108604,0.3524589107315501,6206
cass1n,7145,2364.995,0.7086184667261728,0.23455271248636317,10083
TruNiQ,7174,4175.268,0.6979278139896877,0.4061939877419983,10279
FL4MUS,6835,4251.37,0.7125729774812344,0.44322039199332774,9592
faveN,10286,6109.884,0.6996327030336009,0.41558182560195894,14702
refrezh,6699,3463.3830000000003,0.6846193152784875,0.35394818599897804,9785
oxygeN,5729,3597.812,0.6833253816793893,0.42912833969465647,8384
TRAVIS,10313,5785.593000000001,0.6548352276335005,0.36736256270239387,15749
sdy,8274,4178.37,0.7176684881602914,0.36242258652094717,11529
synyx,9461,5326.543,0.7062028812420691,0.3975922221392849,13397
WolfY,8632,3254.264,0.7045955432209615,0.2656325197943025,12251
headtr1ck,9101,3057.936,0.7123512836568566,0.23935003130870383,12776
somebody,3994,1965.0480000000002,0.7180870190578929,0.35329881337648333,5562
SunPayus,7001,2478.354,0.695924453280318,0.24635725646123258,10060
rdnzao,11495,6069.36,0.6898517673888256,0.3642417331812999,16663
Re1GN,4383,2581.587,0.7151248164464024,0.421208516886931,6129
togs,6296,3091.3360000000002,0.7105292856336757,0.3488698792461348,8861
SHiPZ,5757,3206.6490000000003,0.7383609080415544,0.41126702577914587,7797
RUSH,4154,2131.002,0.6831113303732939,0.35043611248149975,6081
story,7396,2625.58,0.7043809523809523,0.2500552380952381,10500
zorte,8719,3060.369,0.7135024549918167,0.25043936170212766,12220
Staehr,6741,3653.6220000000003,0.6795362903225807,0.36830866935483875,9920
chayJESUS,7434,3902.85,0.683900643974241,0.35904783808647656,10870
Zanto,5535,3337.605,0.6530973451327433,0.3938176991150443,8475
BELCHONOKK,10228,5083.316000000001,0.6921567300534615,0.3440018948365704,14777
Botman,4386,2188.614,0.6841366401497426,0.3413841834347216,6411
Ryujin,9212,5223.204000000001,0.6966649020645844,0.3950089994706194,13223
Matheos,6076,3748.8920000000003,0.7154126928058401,0.4414096314612034,8493
mawth,3741,1859.277,0.6866740088105727,0.3412769823788546,5448
abiraju,4673,2593.515,0.6650064038707841,0.36907855414828517,7027
Cjoffo,15542,9542.787999999999,0.6630263214026705,0.40709816134123966,23441
KEi,6428,3201.144,0.7099624475370002,0.3535612988734261,9054
noway,9783,5233.905,0.6861411137606958,0.3670854958619722,14258
Xant3r,10163,5792.91,0.6639879785704952,0.37847314778518226,15306
VLDN,7814,4407.096,0.6545485005863628,0.36916535433070863,11938
Roninbaby,3138,1829.454,0.7311276794035415,0.42624743709226465,4292
tom1jed,6467,4397.56,0.7047733217088056,0.47924585876198783,9176
diozera,4872,2738.0640000000003,0.6943138093202224,0.390204360837965,7017
Dragon,9419,5020.326999999999,0.7185688129386634,0.38299717729630756,13108
Misfit,3362,1096.0120000000002,0.6857026310422191,0.22353905771976346,4903
KalubeR,4106,2204.922,0.6977060322854716,0.3746681393372982,5885
910,8233,2815.686,0.7125054089138901,0.24367684984855043,11555
Mokuj1n,6317,3588.0559999999996,0.6668426052992716,0.3787665998099862,9473
iM,6879,3171.219,0.7001526717557252,0.3227703816793893,9825
hypex,5983,2494.911,0.683849582809464,0.28516527603154646,8749
slump,3653,1377.181,0.7134765625,0.2689806640625,5120
bl1x1,11804,7471.932,0.6614738021854861,0.4187129167834127,17845
CRUC1AL,6592,2116.032,0.7225693302641675,0.23194475501479778,9123
4X1s,4585,2452.975,0.6948022427640551,0.3717191998787695,6599
olimp,8571,4482.633,0.6792677127912506,0.35525701378982405,12618
jcobbb,5721,3712.929,0.692112267118316,0.4491808613597871,8266
Anlelele,10951,5179.823,0.6934962953581154,0.3280237477043886,15791
hallzerk,5402,2182.408,0.6885036961509049,0.2781554932449656,7846
Grim,6376,3264.512,0.7137579760438822,0.36544408373446774,8933
mantuu,8549,2701.4840000000004,0.7086372679045093,0.22392937665782497,12064
khaN,11227,3985.585,0.7182062436028659,0.25496321647901743,15632
realz1n,4312,2350.04,0.654126213592233,0.356498786407767,6592
sjuush,8236,4315.664,0.6734810695886826,0.3529040804644697,12229
cronuss,5629,3197.272,0.707605279698303,0.40191979886863605,7955
moonwalk,5337,3308.94,0.6803059273422563,0.4217896749521989,7845
kade0,4163,2181.412,0.6701545396007726,0.3511609787508049,6212
stavn,4806,2186.73,0.7033513829942925,0.32002487926240303,6833
NickyB,3129,1627.08,0.6729032258064516,0.3499096774193548,4650
zont1x,5782,2266.5440000000003,0.6469008726784515,0.25358514208995303,8938
adamS,7493,3079.623,0.6847925424968013,0.28144973496618536,10942
BOROS,5177,3520.36,0.7549948957269943,0.5133965290943562,6857
mezii,6392,3669.008,0.6395197598799399,0.36708434217108554,9995
Neityu,10739,5820.5380000000005,0.6731649219582524,0.3648553877013728,15953
Fessor,3962,2393.048,0.7163261616344242,0.4326610016271921,5531
Botpa1,3240,1924.56,0.6874602164226608,0.40835136855506043,4713
nota,8974,5276.7119999999995,0.6931870848138421,0.4075940058705391,12946
jackasmo,12071,7411.594,0.6943741371375978,0.42634572020248507,17384
kmrn,4160,2196.48,0.6849991766836818,0.36167956528898404,6073
pavv,3842,2078.522,0.6985454545454546,0.3779130909090909,5500
2high,4983,2396.8230000000003,0.6685001341561577,0.3215485645291119,7454
SaVage,3517,2089.098,0.652746844840386,0.3877316258351893,5388
ZEDKO,9371,5866.246,0.6861180260653097,0.42950988431688386,13658
pepe,4262,2395.244,0.6795280612244898,0.3818947704081633,6272
cptkurtka023,10931,6416.497,0.6862326574172892,0.40281856990394876,15929
teme,6504,3577.2,0.6708612686952037,0.368973697782362,9695
damyo,5658,3055.32,0.7143037495265749,0.38572402474435047,7921
sowalio,8874,5084.802,0.6770428015564203,0.3879455252918288,13107
Sdaim,13067,7604.994000000001,0.6727591000360398,0.3915457962209752,19423
nawwk,9799,3919.6,0.696100021311359,0.2784400085245436,14077
Peeping,8122,4621.418,0.7050347222222222,0.4011647569444444,11520
nacho,5025,3040.125,0.68722647702407,0.41577201859956237,7312
krazy,5721,2665.9860000000003,0.706819866567828,0.3293780578206079,8094
lan,3245,1294.755,0.7306912857464535,0.291545823012835,4441
Westmelon,5564,3243.812,0.6826993865030675,0.39801374233128833,8150
jabbi,6581,4007.8289999999997,0.6883891213389122,0.41922897489539745,9560
F1KU,6470,3772.01,0.6703273932863655,0.3908008702859511,9652
sausol,9904,5338.255999999999,0.7117499101688824,0.38363320158102765,13915
Krabeni,9638,5609.316,0.7113965160909359,0.4140327723649247,13548
brutmonster,16254,5672.646,0.6989164086687306,0.24392182662538697,23256
BledarD,7317,2429.244,0.7153191905367093,0.23748597125818752,10229
dycha,7176,4111.848,0.6740559834679692,0.38623407852714636,10646
jks,3356,1939.7679999999998,0.6689256527805462,0.38663902730715566,5017
nifee,5501,3091.562,0.67439009439745,0.3790072330513669,8157
detr0ittJ,8116,2751.3239999999996,0.6934381408065619,0.23507552973342444,11704
abizz,5646,3308.5560000000005,0.6639228598306679,0.38905879586077147,8504
hades,8751,2835.3239999999996,0.7173538814656939,0.23242265759488479,12199
shield,4602,1454.2320000000002,0.6925507900677201,0.2188460496613996,6645
arrozdoce,7261,4298.512,0.6492310443490701,0.38434477825464947,11184
hAdji,8408,4523.504,0.7017192455349691,0.3775249540978134,11982
zevy,8446,3057.452,0.708438181513169,0.25645462170776717,11922
YumsaN,4079,1431.729,0.6748841826604898,0.2368843481138319,6044
Raijin,7504,4472.384,0.6934664079105443,0.4133059791146844,10821
yiksrezo,3483,2173.392,0.7103813991433816,0.4432779930654701,4903
SpavaQu,7111,2815.956,0.7257603592569912,0.28740110226576854,9798
DEPRESHN,4401,1628.37,0.6940545655259422,0.25680018924459863,6341
xm1nd,3330,1242.09,0.7052096569250318,0.2630432020330368,4722
chelleos,5911,2110.2270000000003,0.7036067134864897,0.2511875967146769,8401
Demho,9684,4890.42,0.6488007503684845,0.32764437893608467,14926
Drop,3114,1528.974,0.6856010568031704,0.33663011889035666,4542
FL1T,5787,2968.7309999999998,0.6848520710059172,0.3513291124260355,8450
Alisson,5933,3002.098,0.6997287415968865,0.3540627432480245,8479
ammar,6329,4215.114,0.6870386452453322,0.45756773773339116,9212
kaze,4310,1758.48,0.6617534162444342,0.26999539382772914,6513
ivz,5558,2050.902,0.6911216115394181,0.25502387465804527,8042
Smash,9623,4965.468,0.6570394647002594,0.33903236378533386,14646
Frontsiderr,5040,2963.52,0.6742474916387959,0.39645752508361204,7475
woxic,7545,2625.66,0.6927738499678634,0.24108529978881643,10891
fineshine52,5704,2293.0080000000003,0.6912263693650024,0.277873000484731,8252
ROUX,5964,3298.092,0.6926829268292682,0.38305365853658535,8610
Blytz,9777,5269.802999999999,0.6964171237267611,0.3753688296887242,14039
bobeksde,13189,7741.943,0.697572327709314,0.40947495636536735,18907
szejn,7746,4167.348,0.6924727337743608,0.3725503307706061,11186
N1ghtraid,3480,1197.12,0.7300188797986155,0.2511264946507237,4767
Burmylov,9442,3578.518,0.7318245233297164,0.2773614943419625,12902
Joey,3366,1703.1960000000001,0.6999376169681847,0.35416843418590144,4809
TeSeS,7569,4450.571999999999,0.6565183450429352,0.38603278688524584,11529
torzsi,7334,2478.892,0.7045148895292987,0.23812603266090296,10410
pr1metapz,6063,3449.847,0.6444515306122449,0.36669292091836736,9408
MoDo,7135,2383.09,0.6915770088203935,0.23098672094601144,10317
KAISER,7759,2870.83,0.6563742492174943,0.24285847221047288,11821
yuurih,7414,3536.4780000000005,0.6525259637387784,0.31125488470339735,11362
autimatic,3123,1620.8369999999998,0.6894039735099338,0.3578006622516556,4530
Sandman,6260,3524.38,0.6911017884742768,0.38909030691101787,9058
fr3nd,8831,3223.315,0.7227860533638893,0.2638169094778196,12218
eightz999,4903,1814.11,0.7076057151104055,0.26181411459085,6929
mag1k3Y,5836,2118.468,0.7156345800122624,0.2597753525444512,8155
history,6030,1995.93,0.6998607242339833,0.23165389972144848,8616
podi,7734,2405.2740000000003,0.7029630976186148,0.21862152335938922,11002
anber,4462,2735.2059999999997,0.6945828144458281,0.4257792652552926,6424
tele,4158,2295.216,0.6881827209533267,0.3798768619662363,6042
nitr0,5358,2834.382,0.6492184660123591,0.343436568520538,8253
fame,5918,3574.472,0.6668169014084507,0.40275740845070424,8875
Qlocuu,7604,4075.744,0.6958909124187792,0.37299752905646566,10927
twist,10738,5551.545999999999,0.648077735530207,0.335056189269117,16569
nyezin,6575,3340.1,0.6694155976379557,0.34006312360008145,9822
timo,4383,2507.076,0.6859154929577465,0.392343661971831,6390
KaiR0N-,9604,5474.28,0.7097250960685781,0.40454330475908956,13532
biguzera,8962,4955.986,0.6537311255379677,0.3615133124224962,13709
s4ltovsk1yy,9047,3546.4240000000004,0.6937883435582822,0.2719650306748467,13040
7Kick,5802,2529.672,0.6827488820899035,0.29767851259119793,8498
KIRO,10179,4214.106,0.6760310818888224,0.27987686790197247,15057
kralle,3896,2123.32,0.7052860246198407,0.38438088341781323,5524
yuramyata,7673,2647.185,0.7072541248041294,0.24400267305742465,10849
Lucaozy,8700,4384.8,0.7062261547203507,0.35593798197905674,12319
amster,8348,3931.908,0.6572193355377106,0.3095503070382617,12702
juanflatroo,7414,4485.47,0.7245895230648944,0.4383766614542612,10232
guty,4278,2643.8039999999996,0.6663551401869159,0.411807476635514,6420
SaMey,11184,4328.2080000000005,0.6929368029739778,0.2681665427509294,16140
manguss,5794,2775.3259999999996,0.6900083363105871,0.3305139930927712,8397
broky,7805,2778.58,0.7027732757068251,0.2501872861516297,11106
Polbandana,4126,2496.23,0.6831125827814569,0.41328311258278144,6040
snow,9173,4503.943,0.6660615742085391,0.3270362329363927,13772
gump,3800,2055.8,0.6751954513148543,0.3652807391613362,5628
imoRR,4205,1988.965,0.7142857142857143,0.33785714285714286,5887
Walco,3933,2281.14,0.6694468085106383,0.3882791489361702,5875
AW,8476,4755.036,0.6815148347672269,0.38232982230441426,12437
zede,5858,3702.2560000000003,0.6937470393178589,0.43844812884888684,8444
rud,4141,1403.799,0.7360469249911127,0.2495199075719872,5626
Pechyn,3576,1952.496,0.6985739402226997,0.3814213713615941,5119
NOPEEj,5763,3325.251,0.6686390532544378,0.38580473372781066,8619
Patsi,11559,5513.643,0.6991894507621582,0.33351336801354947,16532
mzinho,7658,5000.674,0.6627434011250541,0.4327714409346603,11555
naitte,11182,6798.656,0.7096078182510471,0.4314415534966366,15758
sL1m3,6225,2315.7000000000003,0.7229125537103704,0.26892346998025785,8611
adai,3279,2131.35,0.7173485014220083,0.4662765259243054,4571
felps,7948,3894.52,0.731119492227026,0.35824855119124277,10871
Cryptic,8144,4454.768,0.6855795942419396,0.37501203805034095,11879
s1n,7372,3958.764,0.633278927927154,0.3400707842968817,11641
ISSAA,3013,1551.695,0.6826008155867693,0.3515394200271862,4414
chop,7920,4324.32,0.664095254066745,0.36259600872044273,11926
kRaSnaL,7725,4094.25,0.6819385593220338,0.361427436440678,11328
lov1kus,10505,5136.945,0.7082181622058923,0.3463186813186813,14833
Tauson,7198,3469.436,0.6740331491712708,0.3248839779005525,10679
dexter,4785,2603.04,0.697928821470245,0.3796732788798133,6856
nbqq,13244,6727.951999999999,0.6879285269062955,0.34946769166839803,19252
FinigaN,4130,2118.69,0.7091346153846154,0.3637860576923077,5824
kAlash,7672,4434.416,0.6781578714752939,0.3919752497127199,11313
Ag1l,6862,3602.55,0.6693981075017071,0.3514340064383963,10251
meyern,7838,3981.7039999999997,0.6683151432469304,0.33950409276944066,11728
mo0N,6079,2328.2569999999996,0.7108278765201123,0.27224707670720294,8552
PerX,5546,2900.558,0.6557105698746749,0.34293662804445496,8458
bluewh1te,10734,5860.764,0.6756042296072508,0.3688799093655589,15888
urban0,6349,3745.91,0.6803471924560651,0.4014048435490784,9332
notineki,10536,5752.656,0.6573086281115478,0.3588905109489051,16029
djay,5502,2822.526,0.6845837999253452,0.3511914893617021,8037
shz,5105,2720.965,0.6796698176008521,0.3622640127812542,7511
forkyz,4527,2408.364,0.6816744466194851,0.36265080560156604,6641
Dytor,11266,5520.34,0.6709546781013638,0.3287677922696683,16791
abr,6429,3503.805,0.6820496499045194,0.37171705919796305,9426
honda,3195,1782.81,0.693058568329718,0.38672668112798264,4610
S1ren,9541,5390.665,0.660048426150121,0.3729273607748184,14455
tomiko,9560,5563.92,0.7272727272727273,0.4232727272727273,13145
doni,3654,2130.2819999999997,0.6767919985182441,0.39456973513613625,5399
alex666,8712,4321.152,0.6677397102782249,0.33119889629799953,13047
KusMe,7514,4162.755999999999,0.6576805251641138,0.364355010940919,11425
Beccie,7832,4448.576,0.6523404964184575,0.37052940196568385,12006
righi,5625,3234.375,0.6964219388386778,0.4004426148322397,8077
Calyx,6959,4502.473000000001,0.6747139809967035,0.43653994570486726,10314
t9rnay,3939,2237.352,0.6773860705073087,0.3847552880481513,5815
Lucky,9971,4606.602,0.6569809580285959,0.3035252026092113,15177
bajmi,9818,4987.544,0.6602999529221871,0.335432376084471,14869
Marix,11903,6653.776999999999,0.680793868679936,0.3805637725920841,17484
NEUZ,3902,2551.9080000000004,0.7040779501984843,0.4604669794298088,5542
Surreal,5150,2621.35,0.6654606538312443,0.33871947280010334,7739
Girafffe,6060,3272.4,0.6760374832663989,0.3650602409638554,8964
Cabbi,14393,8333.546999999999,0.7065089338307481,0.40906867268800307,20372
viz,3467,1931.1190000000001,0.6768840296759079,0.3770244045294807,5122
def1zer,4877,2838.414,0.6353569567483064,0.36977774882751435,7676
RaY5ive,3338,1789.1680000000001,0.6654704944178629,0.3566921850079745,5016
Nikodeon,4000,2384.0,0.6828269033799932,0.40696483441447595,5858
Flierax,6414,2058.8940000000002,0.6795931341385887,0.218149396058487,9438
kraghen,12557,6353.842000000001,0.669492429089358,0.3387631691192152,18756
naz,7968,4844.544,0.6591115890478948,0.40073984614112,12089
Griller,3472,2010.2879999999998,0.6612073890687488,0.38283907827080554,5251
exit,7223,3618.723,0.6449107142857143,0.32310026785714285,11200
JACKZ,8896,5213.0560000000005,0.6734802028919676,0.39465939889469304,13209
YEKINDAR,6697,4111.958,0.6727272727272727,0.4130545454545454,9955
controlez,5113,2607.63,0.7072900816157145,0.3607179416240144,7229
Bymas,4839,2167.872,0.6596237731733915,0.29551145038167936,7336
nicks,3724,2037.0280000000002,0.6343042071197411,0.3469644012944984,5871
dupreeh,3362,1855.8240000000003,0.7029061258624294,0.38800418147606114,4783
OWNER,6463,3425.39,0.7033409511372293,0.3727707041027315,9189
C4LLM3SU3,3800,1995.0,0.656984785615491,0.3449170124481328,5784
NEOFRAG,8189,4675.919,0.7034619018984624,0.401676745984022,11641
Tuurtle,6589,3861.1540000000005,0.6740664961636829,0.3950029667519182,9775
n1Xen,10471,5957.999,0.6958862231674088,0.3959592609822556,15047
MistR,8818,4461.907999999999,0.647240164415737,0.3275035231943628,13624
Altekz,8641,4717.986000000001,0.6524463908184839,0.35623572938689224,13244
f4stzin,4308,2382.324,0.6793881091310519,0.3757016243494717,6341
kye,6414,3758.6040000000003,0.6753711698431083,0.3957675055280615,9497
ultimate,6303,2451.8669999999997,0.6989354624085163,0.27188589487691284,9018
Aaron,4858,2550.45,0.696987087517934,0.36591822094691534,6970
buda,6131,3267.823,0.6492640050831303,0.34605771470930846,9443
cmtry,8132,3106.4240000000004,0.6635658914728683,0.2534821705426357,12255
freshie,7324,3581.4359999999997,0.6770823703429787,0.3310932790977165,10817
kyuubii,6955,3567.915,0.6645327727880757,0.3409053124402828,10466
0SAMAS,4997,2943.2329999999997,0.6786635882113269,0.3997328534564715,7363
m1QUSE,8850,4203.75,0.6589724497393894,0.31301191362621,13430
VINI,8853,4302.558,0.6209145742740917,0.3017644830972086,14258
Melavi,3764,1381.3880000000001,0.7155893536121672,0.2626212927756654,5260
Buzz,5494,2840.3979999999997,0.6653748334746276,0.3439987889063824,8257
rain,7064,4160.696,0.6569940476190477,0.38696949404761904,10752
allu,3542,1190.112,0.7206510681586978,0.2421387589013225,4915
Krad,6861,3800.9939999999997,0.6523103251568739,0.3613799201369081,10518
swetsi,3600,1116.0,0.718132854578097,0.22262118491921004,5013
Alxc,3377,2282.852,0.690028606456886,0.4664593379648549,4894
h1te,8184,2741.64,0.6906911975694151,0.23138155118575407,11849
Djoko,10590,6777.6,0.6791944586967675,0.4346844535659313,15592
bLitz,7721,3783.29,0.6681955863262656,0.32741583729987017,11555
CYPHER,9473,5390.137,0.6785330563713201,0.3860853090752811,13961
simke,10784,6535.104,0.6714819427148194,0.4069180572851806,16060
rekonz,3248,1825.376,0.6792137181095775,0.3817181095775826,4782
ponter,7216,3983.232,0.6590556215179468,0.3637987030779067,10949
dare,5848,3099.44,0.715089263878699,0.37899730985571045,8178
SLIGHT,8383,2598.73,0.6974209650582363,0.21620049916805326,12020
Machado,3364,1291.7759999999998,0.7149840595111583,0.27455387885228477,4705
EmiliaQAQ,5380,3265.66,0.660122699386503,0.40069447852760737,8150
shaiK,3399,1764.0810000000001,0.6620568757304246,0.3436075185040904,5134
mason,4317,2339.8140000000003,0.6809148264984227,0.36905583596214514,6340
H4SAN4TOR,10480,5145.68,0.6749533071423971,0.331402073806917,15527
jkaem,7473,4162.461,0.7133447880870561,0.3973330469644903,10476
prosus,6069,3489.675,0.6889544783743898,0.39614882506527416,8809
zmb,8463,4519.242,0.6583942741559048,0.3515825423992532,12854
ottob,3428,1090.104,0.7079719124328789,0.22513506815365553,4842
Nodios,7083,4186.053,0.6517298490982701,0.38517234081707763,10868
electroNic,5729,2830.1259999999997,0.6685727622826467,0.33027494456762746,8569
Brooxsy,7507,4624.312,0.6804749818709209,0.4191725888324873,11032
Lekr0,7774,4345.666,0.6317243620997888,0.3531339184137819,12306
destiny,10216,5424.696,0.6694187798964681,0.35546137212502454,15261
twenty3,3877,2302.938,0.6887546633505063,0.40912027003020074,5629
valde,5454,2825.172,0.6408177652449771,0.33194360239689813,8511
Polt,4040,2007.88,0.6824324324324325,0.3391689189189189,5920
susp,6943,3749.22,0.6481516056758775,0.3500018670649738,10712
nicx,6295,3732.935,0.6617956265769555,0.3924448065601346,9512
Pepo,5695,1947.6900000000003,0.6687411930483795,0.22870948802254584,8516
acoR,7045,2550.2900000000004,0.6934737671030613,0.25103750369130823,10159
delboNi,4069,2075.19,0.6832913518052057,0.3484785894206549,5955
roeJ,5051,2959.8860000000004,0.6756286784376672,0.39591840556447305,7476
cej0t,10906,6161.89,0.6785714285714286,0.38339285714285715,16072
dukefissura,3850,2271.5,0.688360450563204,0.40613266583229035,5593
AccuracyTG,3403,1456.484,0.664,0.284192,5125
levi,3661,1350.9089999999999,0.6840433482810164,0.25241199551569504,5352
Forester,7002,3893.112,0.6766524932354078,0.37621878623888677,10348
kL1o,6430,3485.06,0.663023303773974,0.3593586306454939,9698
apocdud,4905,2236.68,0.6511350059737157,0.2969175627240143,7533
Norwi,12849,5936.238,0.6518364448051948,0.30114843750000003,19712
Sobol,8773,4772.512,0.6484109386548411,0.35273555062823353,13530
DSSj,9634,3651.2859999999996,0.6990277173124365,0.2649315048614134,13782
kroK,4808,2961.728,0.6712271394667039,0.41347591791148963,7163
Kind0,9449,4233.151999999999,0.6800777313948467,0.30467482366489124,13894
hampus,8455,3466.55,0.6672190656565656,0.27355981691919196,12672
Pipw,5037,2855.9790000000003,0.6609368849232384,0.37475121375147624,7621
Maden,6534,3574.0980000000004,0.6957725481844319,0.3805875838568843,9391
jchancE,4534,1790.93,0.7208267090620032,0.28472655007949127,6290
Vegi,4469,2435.605,0.6802130898021309,0.37071613394216135,6570
marat2k,6370,3732.82,0.6551475881929446,0.38391648668106554,9723
volt,7706,4161.24,0.6418457437947693,0.3465967016491754,12006
kabal,2874,1411.134,0.6725953662532179,0.33024432483033,4273
drop,8636,4844.796,0.6408905380333951,0.35953959183673473,13475
Neqy,3363,1974.0810000000001,0.6793939393939394,0.39880424242424245,4950
spinnie,3823,2339.676,0.6521664960764244,0.39912589559877176,5862
Omichella,4534,2539.04,0.6676483581210425,0.37388308054778385,6791
Ex3rcice,10104,5607.72,0.6648243189893407,0.3689774970390841,15198
fl0m,3348,1620.4319999999998,0.6662686567164179,0.32247402985074625,5025
sstiNiX,9077,5346.352999999999,0.6607701827182063,0.38919363762102344,13737
f1redup,2991,1316.04,0.7019478995540953,0.3088570758038019,4261
sSen,5283,2889.8010000000004,0.6559473553513782,0.3588032033772039,8054
clouden,3099,1651.7669999999998,0.6844081272084805,0.3647895318021201,4528
expSasiKi,2822,1447.6860000000001,0.6527874161461947,0.33487994448299796,4323
phr,3552,1928.7359999999999,0.6377019748653501,0.34627217235188507,5570
myltsi,7652,4070.864,0.6854174131135794,0.3646420637764242,11164
lenci,4171,1989.567,0.6588216711419996,0.3142579371347339,6331
RCF,4666,1633.1,0.6852694962549567,0.23984432368923483,6809
tabseN,8559,4459.2390000000005,0.6381598568446167,0.3324812854160454,13412
rzk,3656,2281.344,0.662678992205909,0.4135116911364872,5517
Malkiss,6180,1804.56,0.6799427879854769,0.19854329409175928,9089
Sapec,10003,5831.749,0.657875698783295,0.38354153239066097,15205
CoolComs,3848,2262.624,0.6940836940836941,0.4081212121212121,5544
n1ssim,5593,2818.8720000000003,0.6330503678551217,0.3190573853989814,8835
d1maje,3272,1881.4,0.6856663872590109,0.39425817267393126,4772
MITHPUTTINI,4149,1298.637,0.6756228627259404,0.21146995603321933,6141
rainny,3228,1788.312,0.683463900063519,0.37863900063518946,4723
kauez,9906,6092.19,0.663496316141996,0.4080502344273275,14930
xureba,8138,4182.932,0.6417474962542387,0.32985821307467866,12681
gas,2969,1763.586,0.6928821470245041,0.41157199533255545,4285
hyped,8994,2581.278,0.7211353431686979,0.20696584348941627,12472
shalfey,7729,3818.1259999999997,0.6794725274725275,0.33565942857142855,11375
kr1vda,4513,2631.0789999999997,0.6319843159221398,0.3684468561826074,7141
Skrimo,5175,2753.1,0.6511071967790639,0.346389028686462,7948
nosraC,8853,4373.3820000000005,0.6639915997899948,0.32801185029625746,13333
Tr0ublE,3060,1135.26,0.6976744186046512,0.25883720930232557,4386
mlhzin,3096,1495.368,0.6683937823834197,0.3228341968911917,4632
TMKj,5215,3149.86,0.6516306385105586,0.39358490566037735,8003
KRIMZ,8537,3961.1679999999997,0.6206019191625473,0.2879592904914219,13756
KENSI,10828,5673.871999999999,0.6731319159517593,0.35272112395872185,16086
bsd,5994,2103.894,0.6801316237376602,0.23872619993191874,8813
motm,5261,2698.893,0.6507111935683364,0.3338148423005566,8085
HEAP,11757,7171.77,0.674836413729767,0.41165021237515786,17422
paz,5649,3010.917,0.671940049958368,0.35814404662781013,8407
S3NSEY,3215,1179.9050000000002,0.6925894011202068,0.2541803102111159,4642
Pump,4674,2509.938,0.6462048942347574,0.34701202820406474,7233
bondik,8693,4537.746,0.6311624192260219,0.32946678283598346,13773
TjP,5496,3407.52,0.6585190510424155,0.4082818116462976,8346
mello,5154,1736.8980000000001,0.6906069945062308,0.23273455714859978,7463
aragornN,4003,2077.557,0.6512119733203189,0.33797901415324544,6147
CacaNito,6701,3585.035,0.6896161366676958,0.36894463311721726,9717
fino,6325,2163.15,0.687873844480696,0.23525285481239805,9195
magixx,4825,2552.425,0.5976712498451628,0.3161680911680912,8073
Schwarz,6086,3189.064,0.6864425896683961,0.35969591698623954,8866
happ,7850,3987.8,0.6513982242137581,0.3309102979005892,12051
dvrk,3189,1266.0330000000001,0.6805377720870679,0.27017349551856595,4686
b4rtiN,5465,3049.47,0.6295357677686902,0.3512809584149291,8681
delle,4583,2506.901,0.6675892206846322,0.3651713037144938,6865
nafany,7662,4122.156,0.6477301547045397,0.34847882323104235,11829
N2o,3478,1704.22,0.743798118049615,0.36446107784431137,4676
kwezz,9479,5355.635,0.6392204464225504,0.361159552228741,14829
Ciocardau,6212,3528.4159999999997,0.6783881183793818,0.3853244512394889,9157
matios,8403,4630.053,0.64943194991885,0.3578370044052863,12939
Bibu,5890,3510.44,0.6308911739502999,0.37601113967437877,9336
POLO,5670,1956.15,0.6790419161676646,0.23426946107784433,8350
danoco,5758,3097.8039999999996,0.6558086560364464,0.3528250569476082,8780
saffee,5704,1842.3919999999998,0.6671345029239766,0.21548444444444442,8550
kiR,3975,2567.85,0.676595744680851,0.43708085106382977,5875
zock,8490,4304.43,0.6767636508569151,0.343119170984456,12545
t3ns1on,6224,2091.264,0.6561248155176049,0.22045793801391525,9486
fury5k,3452,2195.472,0.6660235384912213,0.4235909704804168,5183
lukiz,4281,2247.525,0.6649580615097856,0.3491029822926375,6438
JW,11579,4342.125,0.6800375873612498,0.25501409526046864,17027
L00m1,6055,2131.36,0.6578661451542808,0.23156888309430684,9204
her1tage,2996,1689.744,0.6613686534216335,0.3730119205298013,4530
divine,4952,1505.408,0.6499540622128889,0.1975860349127182,7619
sh1nejezzz,6735,4162.23,0.6517952192006193,0.40280944546598274,10333
Noruyp,4482,1201.1760000000002,0.7296109392804818,0.19553573172716915,6143
AZUWU,9365,5366.145,0.6748090502954316,0.38666558581928234,13878
Goody,4573,2291.0730000000003,0.6715124816446403,0.3364277533039648,6810
brnz4n,6283,3882.894,0.6357381361934635,0.39288616816756045,9883
buster,4561,2462.94,0.631542509000277,0.34103295486014956,7222
ALLE,4680,2368.08,0.6394316163410302,0.32355239786856127,7319
rigoN,8754,4867.224,0.6966971746916036,0.3873636291285317,12565
cLd,2866,1659.414,0.6593052680009202,0.38173775017253275,4347
salazar,7490,2771.3,0.6495533778510103,0.24033474980487382,11531
vinaabEAST,4255,2480.665,0.6552202032645519,0.3819933785032337,6494
xns,3625,2055.375,0.6324145150034892,0.3585790300069784,5732
EMSTAR,3262,1829.9820000000002,0.6604575825065803,0.37051670378619156,4939
MoriiSko,8994,5324.448,0.652827175727662,0.386473688030776,13777
alex,8156,4045.376,0.6382346036466077,0.31656436340871746,12779
riskyb0b,8922,5076.6179999999995,0.6472252448313384,0.3682711643090315,13785
jz,2713,1478.585,0.6395568128241396,0.34855846298915605,4242
gafolo,10267,4147.8679999999995,0.6413668165917041,0.25911219390304846,16008
arT,8012,3861.784,0.6470683249878857,0.3118869326441609,12382
Mol011,3335,1630.815,0.672514619883041,0.328859649122807,4959
Icarus,3641,2009.832,0.6585277627057334,0.36350732501356486,5529
desh,4960,1681.44,0.681505908216543,0.23103050288540808,7278
fanatyk,4970,2435.3,0.6307106598984772,0.30904822335025384,7880
Hezz,3887,1675.297,0.6592605156037992,0.28414128222523743,5896
Techno,7353,4352.976000000001,0.6363479013414106,0.37671795759411514,11555
Chr1zN,10463,5932.521,0.6528358395208086,0.3701579210082985,16027
El1an,3973,1112.44,0.6672824991602284,0.18683909976486396,5954
d4rty,5456,2995.3439999999996,0.6582217396549644,0.3613637350705754,8289
ex1st,7078,3984.9139999999998,0.6622380239520959,0.37284000748502993,10688
nexa,5790,3248.19,0.6359841827768014,0.3567871265377856,9104
deco,4858,2497.0119999999997,0.6270005162622613,0.3222782653588022,7748
walleN,2930,1661.31,0.6613995485327314,0.3750135440180587,4430
Kristou,8519,3501.309,0.6614643994098921,0.27186186815746566,12879
1NVISIBLEE,10235,5782.775,0.6846153846153846,0.3868076923076923,14950
MAGILA,4077,2050.7309999999998,0.6932494473728957,0.3487044720285665,5881
Viggo,4122,2242.368,0.704494958126816,0.38324525722098784,5851
Kunai,3700,2153.4,0.6717501815541032,0.39095860566448803,5508
cerber,4523,2655.001,0.6600029184298847,0.38742171311834234,6853
faydett,8734,4681.424,0.6351076207097149,0.34041768470040723,13752
FpSSS,5081,1681.8110000000001,0.6838492597577389,0.2263541049798116,7430
yvro,5376,2736.3839999999996,0.6926942404329339,0.3525813683803633,7761
bsover,3062,1322.7839999999999,0.6955929123125852,0.30049613811903675,4402
Boye,3457,1915.1779999999999,0.6549829480863963,0.36286055323986355,5278
noni,4744,1793.2319999999997,0.6785867543985123,0.25650579316263766,6991
sinnopsyy,8361,4832.657999999999,0.6633608378292606,0.38342256426531257,12604
virtuoso,5317,2578.745,0.6433930300096805,0.31204561955469506,8264
majky,5641,3192.8060000000005,0.6715476190476191,0.38009595238095245,8400
Goofy,2884,1225.7,0.6377708978328174,0.2710526315789474,4522
Magic,3105,1291.68,0.674853292762443,0.2807389697891763,4601
Bukhavez,2860,1441.44,0.6372549019607843,0.3211764705882353,4488
BluePho3nix,3012,1743.9479999999999,0.6405784772437261,0.37089493832411735,4702
s-chilla,5707,3150.264,0.6227629855958097,0.34376516804888696,9164
huNter-,6491,3251.9910000000004,0.6464495568170501,0.3238712279653421,10041
jresy,2917,1455.5829999999999,0.663256025466121,0.33096475670759434,4398
ragga,9831,4856.513999999999,0.6664181127982647,0.3292105477223427,14752
Wonder,2793,1603.1819999999998,0.642512077294686,0.3688019323671497,4347
qx,4054,2176.998,0.637621893677257,0.34240295690468703,6358
Brollan,5617,2937.691,0.6262682573308062,0.32753829858401157,8969
maQuein,5144,1733.5280000000002,0.6747999475272203,0.22740758231667327,7623
woozzzi,5325,1959.5999999999997,0.6912891081396858,0.25439439179540435,7703
yxngstxr,8410,4642.32,0.656979923443481,0.3626529177408015,12801
Queenix,7608,4427.856000000001,0.621619413350764,0.36178249857014466,12239
jared,2882,1472.7020000000002,0.6697652800371834,0.3422500580990008,4303
Summer,6288,3307.488,0.6471133065761038,0.34038159925903055,9717
CeRq,8127,3006.99,0.6512541068995913,0.24096401955284877,12479
ArroW,5094,3092.058,0.6154403769481697,0.37357230880753894,8277
prt,5075,2765.875,0.6382844925166645,0.34786504842158217,7951
n1cks,3369,1128.615,0.6601998824221046,0.22116696061140506,5103
fnl,5175,2965.275,0.6514350453172205,0.3732722809667674,7944
fokiu,3658,2030.19,0.6511213955144179,0.36137237451050197,5618
stadodo,7913,2824.9410000000003,0.6371688541750543,0.22746928094049443,12419
Qikert,6892,4086.9559999999997,0.6248979961918578,0.3705645117417717,11029
bnc,5632,2748.4159999999997,0.6465388589140167,0.3155109631500401,8711
Ro1f,9873,5785.578,0.6182990981963928,0.3623232715430862,15968
beastik,12763,7313.198999999999,0.6223425004876146,0.3566022527794031,20508
fozil,9381,5469.123,0.6549148282602625,0.381815344875733,14324
ariucle,4707,3144.276,0.6284379172229639,0.4197965287049399,7490
chelo,7028,4399.528,0.639257776969256,0.40017536838275425,10994
mwlky,3268,1166.6760000000002,0.6689866939611054,0.23882824974411468,4885
gxx-,5612,1941.7520000000002,0.6869033047735618,0.23766854345165242,8170
AntyVirus,5096,2553.096,0.680373831775701,0.34086728971962615,7490
spardaus,4012,2214.6240000000003,0.6566284779050736,0.3624589198036007,6110
Vacancy,6227,3300.31,0.6396507447354906,0.33901489470980994,9735
foggers,3247,1727.4040000000002,0.6563573883161512,0.3491821305841925,4947
Magisk,4745,2571.79,0.6316560170394037,0.34235756123535677,7512
MisteM,4331,2490.325,0.6293228712583552,0.3618606509735542,6882
shady,3832,1249.2320000000002,0.6651622982121159,0.21684290921714983,5761
awzek,5866,3079.65,0.6456796917996698,0.33898183819482663,9085
bekker,3954,1340.406,0.6604309336896609,0.22388608652079506,5987
Keoz,9012,5407.2,0.6473207872432122,0.3883924723459273,13922
skullz,5000,2795.0,0.6348400203148806,0.35487557135601827,7876
k4nfuz,6203,3914.093,0.6285974868261046,0.396645014187272,9868
AdrieN,5640,3152.76,0.6909224549797869,0.3862256523337009,8163
fREQ,6300,3465.0,0.6369426751592356,0.3503184713375796,9891
vision,4472,2701.0879999999997,0.6454965357967667,0.3898799076212471,6928
bodyy,7266,4156.152,0.6382642304989459,0.36508713984539704,11384
perez,3184,1792.5919999999999,0.6566302330377397,0.3696828212002474,4849
Levi,3326,1732.846,0.652668759811617,0.34004042386185246,5096
dan1,3242,1624.2420000000002,0.6292701863354038,0.3152643633540373,5152
iDISBALANCE,8725,2538.975,0.6620883290332372,0.192667703748672,13178
Lack1,10891,5521.737000000001,0.6643689379613249,0.3368350515463918,16393
Efire,4921,2750.8389999999995,0.6617805271651426,0.3699353146853146,7436
arTisT,7059,2703.5969999999998,0.6731832920083921,0.2578292008392142,10486
syrsoN,3317,1024.953,0.6820892453218178,0.2107655768044417,4863
Prism,8058,4383.552,0.6411011218076219,0.3487590102633463,12569
maaryy,14598,7809.93,0.6352480417754569,0.33985770234986945,22980
sAvana1,5781,3237.36,0.6261236867756959,0.3506292645943897,9233
kumao,4880,2815.76,0.6445647866860388,0.3719138819178444,7571
yepz,4735,2632.66,0.6081428204469561,0.33812740816850756,7786
SELLTER,13421,7301.024,0.6284416557407754,0.3418722607229818,21356
pz,5156,1696.3239999999998,0.6463582800551586,0.21265187413814715,7977
Maze,5612,3069.764,0.6644565474780961,0.36345773147051863,8446
neaLaN,5715,3331.845,0.640551445864156,0.3734414929388029,8922
morelz,4132,2136.244,0.6756049705689994,0.3492877697841727,6116
b0denmaster,6066,2092.77,0.6636035444699705,0.2289432228421398,9141
ANSG1,3087,1361.3670000000002,0.6245195225571515,0.27541310944770386,4943
Gabe,5052,2768.4959999999996,0.6424211597151577,0.3520467955239064,7864
hitori,2890,1534.59,0.6360035211267606,0.33771786971830986,4544
kreaz,8327,3988.633,0.6429122915379865,0.3079549876466955,12952
tory,3641,1995.2679999999998,0.6632058287795993,0.3634367941712204,5490
dav1g,9448,4440.56,0.6415427446187275,0.30152508997080196,14727
brett,6048,2909.0879999999997,0.6663728514764213,0.3205253415601586,9076
max,7476,3902.472,0.6122850122850123,0.3196127764127764,12210
Extinct,6465,3542.82,0.6556795131845842,0.35931237322515214,9860
Tarkky,3718,2022.5919999999999,0.6586359610274579,0.3582979627989371,5645
X5G7V,8017,3872.211,0.6386012426318305,0.3084444001911741,12554
millert,5529,1957.266,0.635079255685734,0.22481805651274983,8706
PlesseN,6501,3647.061,0.6632319934707203,0.37207314833707406,9802
STYKO,2927,1721.076,0.614399664147775,0.3612670025188917,4764
Peppzor,3738,2052.162,0.6257114161365919,0.3435155674589889,5974
anttzz,3813,2409.8160000000003,0.6409480584972265,0.40507917297024715,5949
Something,7623,4642.407,0.639513422818792,0.3894636744966443,11920
uli,4470,2503.2,0.6373877085412805,0.35693711678311707,7013
Nexius,2930,1646.66,0.6521255286000445,0.36649454707322504,4493
hoax,3626,1842.0079999999998,0.6288588276101283,0.31946028442594515,5766
Stx,3039,1668.411,0.6471465076660988,0.3552834327086883,4696
bevve,3157,1663.7390000000003,0.6533526490066225,0.3443168460264901,4832
raalz,12113,7522.173000000001,0.6166259417633884,0.38292470983506416,19644
niko,5334,2928.366,0.6336421952957947,0.3478695652173913,8418
esenthial,8615,5504.985,0.6233719247467439,0.3983346599131693,13820
Cooper,3466,1407.1960000000001,0.6932,0.2814392,5000
HENU,3984,1952.16,0.6657754010695187,0.3262299465240642,5984
dott1,3753,2139.21,0.6424169804861349,0.3661776788770969,5842
realzen,3211,1772.4720000000002,0.6398963730569949,0.3532227979274612,5018
dex,7745,4329.455,0.6359307003859102,0.3554852615157238,12179
senka,4738,2236.3360000000002,0.5887176938369781,0.27787475149105373,8048
MUTiRiS,6158,3220.6339999999996,0.6090999010880317,0.31855924826904053,10110
robo,6271,3104.145,0.6504511980085054,0.32197334301421016,9641
Boombl4,7790,3357.49,0.6122288588494185,0.26387063816409934,12724
Jackinho,9307,4039.238,0.6487974904147786,0.28157811084001394,14345
c0llins,7462,4119.024,0.6356047700170357,0.35085383304940376,11740
tatazin,3441,1699.854,0.6292977322604243,0.3108730797366496,5468
LNZ,7867,4303.249,0.6073027636251351,0.3321946117029489,12954
TyRa,3372,1922.04,0.6678550207961973,0.38067736185383244,5049
easy,4823,1630.174,0.6484269965044367,0.2191683248184996,7438
snapy,6257,3278.6679999999997,0.6694842713460304,0.3508097581853199,9346
Chill,5185,3048.78,0.6504014049172102,0.38243602609131966,7972
j0w,4533,2638.206,0.6403446814521825,0.3726806046051702,7079
drg,6951,3934.2660000000005,0.6123150105708245,0.34657029598308675,11352
leo_drk,3542,1919.7640000000001,0.6502662015788507,0.3524442812557371,5447
sm3t,3915,1969.245,0.6257992327365729,0.31477701406649616,6256
Graviti,8647,5093.083,0.6418021227640466,0.3780214503080234,13473
dan4o,2657,1618.1129999999998,0.5966763979339771,0.363375926341792,4453
nikz,2965,1586.275,0.6079557104777528,0.3252563051055977,4877
kyxsan,7098,3726.45,0.5894859230960884,0.30948010962544636,12041
JT,5766,3142.47,0.6089344175731334,0.3318692575773577,9469
opdust,3719,2008.26,0.5961846745751843,0.3219397242705995,6238
Jyo,3115,1566.845,0.6111438100843634,0.3074053364724348,5097
Gizmy,8834,4655.518,0.6247082950286401,0.32922127148009334,14141
hfah,5508,3420.468,0.6494517155995755,0.4033095153873364,8481
brn$,2734,1118.206,0.6290842153704556,0.25729544408651633,4346
byr9,3112,1826.7440000000001,0.6041545331003688,0.35463871092991656,5151
ADRON,3910,2209.15,0.6197495641147567,0.35015850372483753,6309
arvid,3774,2045.5080000000003,0.6353535353535353,0.3443616161616162,5940
casey,3061,1717.221,0.6390396659707724,0.35850125260960336,4790
meowpop,2935,1834.375,0.6115857470306314,0.3822410918941446,4799
SkulL,3182,1505.0859999999998,0.6294757665677547,0.29774203758654794,5055
kadziu,3469,2064.055,0.643241238642685,0.3827285369923975,5393
jsfeltner,3585,1735.14,0.6573157315731574,0.31814081408140815,5454
isak,6706,3634.652,0.6260853328354029,0.33933825039678833,10711
PR1mE,3018,1671.9719999999998,0.6657842488418266,0.3688444738583719,4533
FreeZe,7228,3295.968,0.6286857441071584,0.2866806993128642,11497
cbass,3197,1646.455,0.6267398549304058,0.32277102528915896,5101
k1to,4606,2920.2039999999997,0.6435657398351264,0.4080206790554701,7157
kelieN,5886,3060.72,0.6269706007669366,0.326024712398807,9388
suma,2956,1605.108,0.6282678002125398,0.3411494155154091,4705
Svedjehed,2709,1438.479,0.6063115487914056,0.32195143240823637,4468
Leomonster,7416,4212.288,0.6467253858899451,0.36734001918548875,11467
WOOD7,9864,3235.3919999999994,0.6284003312734917,0.20611530865770525,15697
The eLiVe,8202,4256.838,0.6007910928801641,0.31181057720480515,13652
zeRRoFIX,9177,5166.651,0.6372474133740712,0.3587702937296021,14401
P3R3IIRA,2930,1500.16,0.6238024270811156,0.3193868426655312,4697
BK1,4762,2814.342,0.6237883154309667,0.36865889441970134,7634
Bhavi,3185,1907.815,0.6339570063694268,0.3797402468152866,5024
NBK-,4209,2361.249,0.6167936694021102,0.34602124853458377,6824
JUST,2962,1661.682,0.6334473909324209,0.35536398631308813,4676
CAJUN,3507,1697.388,0.6359020852221214,0.30777660924750677,5515
tucks,4604,2315.812,0.6249490973259129,0.31434939595493416,7367
interz,4619,2337.214,0.5854987957916086,0.29626239067055393,7889
Kat,3527,1544.8259999999998,0.6265766565997513,0.274440575590691,5629
1eeR,8985,4267.875,0.6080806713589605,0.2888383188955062,14776
stanislaw,5921,3209.1820000000002,0.5916858199260517,0.32069371439992006,10007
leen,4770,2790.45,0.6287898760875297,0.36784207751120485,7586
onic,5710,3226.15,0.5828909759085341,0.3293334013883218,9796
MaLLby,2922,1560.348,0.6004932182490752,0.32066337854500615,4866
SPine,3724,2115.232,0.6174763720775991,0.3507265793400763,6031
chudy,3337,1932.1229999999998,0.6485908649173955,0.37553411078717197,5145
Get_Jeka,7832,4378.088,0.6244618083240313,0.3490741508531334,12542
ztr,7751,3759.235,0.6062099170968247,0.29401180979195995,12786
PsychoDoctor,3204,1637.244,0.6214119472459271,0.3175415050426687,5156
puuha,3969,2143.26,0.6122165664044424,0.33059694585839894,6483
rafaxF,5105,1689.755,0.6625567813108372,0.2193062946138871,7705
ERSIN,3482,2033.4879999999998,0.6319419237749546,0.36905408348457347,5510
remix,5937,1798.911,0.6439262472885032,0.1951096529284165,9220
facecrack,3975,2027.25,0.6367131186929361,0.3247236905333974,6243
fl4sh,2733,1248.981,0.6297235023041474,0.2877836405529954,4340
b0RUP,4900,3253.6,0.6205673758865248,0.41205673758865247,7896
fEAR,11547,5496.372,0.6086658584154763,0.2897249486057667,18971
Tapewaare,8597,5141.005999999999,0.6180001437711163,0.3695640859751276,13911
Seb,3700,1779.7,0.6076531450156019,0.29228116275250454,6089
fakerealityy,3678,2151.63,0.6417728145175362,0.3754370964927587,5731
VILBy,4504,2319.56,0.6070899042997708,0.31265130071438196,7419
tiziaN,2881,1538.454,0.6062710437710438,0.3237487373737374,4752
Lcm,4041,1386.0629999999999,0.6108843537414966,0.20953333333333332,6615
1962,2584,1524.56,0.6033154331076348,0.35595610553350454,4283
alpha,5925,3015.825,0.6289808917197452,0.3201512738853503,9420
SENER1,5464,2803.032,0.5830132309005548,0.29908578745198466,9372
Bambosh,3190,1815.11,0.6135795345258703,0.34912675514522024,5199
Topa,4264,2750.28,0.6180605884910857,0.3986490795767503,6899
upE,7964,4770.436,0.5860191317144959,0.351025459896983,13590
Salazar,3256,1725.68,0.5763852009205169,0.30548415648787397,5649
obi,3148,1901.3919999999998,0.635446104158256,0.3838094469115866,4954
FalleN,6863,3012.857,0.6040309804611864,0.26516960042246085,11362
Nami,5817,2763.075,0.6180407989800255,0.2935693795155121,9412
rikon,3125,1740.625,0.621272365805169,0.3460487077534791,5030
Vster,3058,1593.218,0.5983173547251027,0.3117233418117785,5111
K1-FiDa,6230,3058.93,0.5736120062609337,0.2816434950741184,10861
Trucklover86,3378,2263.26,0.6506163328197226,0.43591294298921424,5192
TMB,10213,5637.576,0.6022526241302041,0.3324434485198726,16958
roman,3954,2166.792,0.6086822660098522,0.333557881773399,6496
card,3797,1218.8370000000002,0.6318855050757197,0.2028352471293061,6009
apEX,5829,2931.987,0.5845953264466954,0.2940514492026878,9971
robiin,5333,2735.8289999999997,0.6131294550471372,0.3145354104391814,8698
Thuister,2831,1650.473,0.644874715261959,0.3759619589977221,4390
IceBerg,11559,6426.804,0.6171382808328885,0.34312888414308595,18730
Jelo,2640,1488.96,0.5985037406483791,0.3375561097256858,4411
revoltz,3361,1942.658,0.5990019604348601,0.3462231331313491,5611
MiGHTYMAX,4446,2467.53,0.5642131979695432,0.31313832487309645,7880
reversive,5060,2519.88,0.5891942244993014,0.2934187238006521,8588
seized,2663,1358.13,0.5970852017937219,0.30451345291479825,4460
Lacerda,2513,1537.9560000000001,0.6062726176115802,0.3710388419782871,4145
sense,3784,1899.5680000000002,0.6052463211772233,0.3038336532309661,6252
Gnøffe,3492,1801.872,0.5992792174360735,0.3092280761970139,5827
gla1ve,3956,2148.1079999999997,0.568309150984054,0.30859186898434127,6961
Cliqq,2917,1630.6029999999998,0.5943357783211084,0.33223370008149955,4908
sFade8,7916,4385.464,0.6323188753095295,0.35030465692147933,12519
ay0k,3703,1488.606,0.6321270058040287,0.2541150563332195,5858
Bart4k,4978,2907.152,0.6034670869196266,0.35242477876106193,8249
next,2704,1773.8239999999998,0.5707049387927395,0.3743824398480371,4738
kinqie,8913,4866.498,0.5902649006622517,0.3222846357615894,15100
aVN,13806,7427.628,0.5898739585558641,0.3173521897030549,23405
NEKIZ,5890,2909.66,0.6036691606026443,0.29821256533770624,9757
laser,4877,2238.5429999999997,0.6052370315214693,0.2778037974683544,8058
emi,5263,2599.922,0.5748143294014854,0.28395827872433377,9156
ninjaZ,6261,3180.5879999999997,0.5859616284510997,0.29766850725315863,10685
SPELLAN,6418,2753.322,0.5792418772563177,0.2484947653429603,11080
Patti,7288,3957.3839999999996,0.5955221441411995,0.3233685242686713,12238
NickelBack,3471,1652.1960000000001,0.5780183180682764,0.2751367194004996,6005
sol,7903,4141.1720000000005,0.5978968073838705,0.31329792706914816,13218
Muk0s,2749,1608.165,0.604707435107787,0.35375384953805544,4546
h1kaN,3470,2234.6800000000003,0.6121008996295643,0.39419297936143943,5669
levantino,4338,2450.97,0.636443661971831,0.3595906690140845,6816
chopper,4681,2691.575,0.5612036926028054,0.3226921232466131,8341
Noktse,7791,3373.5029999999997,0.5835080886758538,0.2526590023966447,13352
Reix,4335,2245.53,0.597354278627532,0.3094295163290616,7257
nython,9647,3887.741,0.6039188681607612,0.24337930386878678,15974
innocent,7196,3490.06,0.5986190832709425,0.2903302553864071,12021
BRACE,3284,1770.076,0.5862192074259193,0.3159721528025705,5602
mASKED,11608,5153.952,0.5874493927125506,0.2608275303643725,19760
stormzyn,4741,2550.658,0.5871934604904632,0.3159100817438692,8074
ben1337,6151,2995.5370000000003,0.5723990321980271,0.27875832868043926,10746
Aleksib,5162,2312.5759999999996,0.5253944020356234,0.23537669211195925,9825
cadiaN,3848,1366.04,0.5973300217323813,0.21205215771499533,6442
Golden,3776,2284.48,0.5921279598557315,0.35823741571271756,6377
Snax,4868,2326.904,0.5638174658327543,0.2695047486680565,8634
mds,4536,2417.688,0.6143843965867534,0.32746688338073954,7383
sasha,2988,1494.0,0.5830243902439024,0.2915121951219512,5125
MAJ3R,5918,2953.0820000000003,0.5433844458727389,0.27114883849049676,10891
PKL,5450,2997.5,0.5854549360833602,0.3220002148458481,9309
SHiNE,4703,2544.3230000000003,0.5482629983679179,0.29661028211704366,8578
siuhy,5149,2749.566,0.5783443782994496,0.3088358980119061,8903
devoduvek,4762,2490.526,0.5654910343189645,0.2957518109488184,8421
Furlan,3405,1852.32,0.5792786662129976,0.3151275944198707,5878
Vert,6163,3112.315,0.5682803135085293,0.2869815583218073,10845
Lich,2659,1518.289,0.5987390227426256,0.3418799819860392,4441
CutzMeretz,7175,3594.675,0.5787223745765446,0.2899399096628489,12398
Snappi,6137,3375.35,0.5764064994834226,0.3170235747158824,10647
birdfromsky,4716,2126.916,0.5421312794574089,0.24450120703529143,8699
RICIOLI,5622,2619.8520000000003,0.5605743344301526,0.26122763984445113,10029
HooXi,3740,2068.22,0.5471035693387947,0.3025482738443534,6836
gejmzilla,3959,2403.1130000000003,0.5714491916859122,0.3468696593533488,6928
karrigan,6359,3484.7319999999995,0.5457900609389752,0.2990929533945584,11651
ScrunK,3169,1644.711,0.5450636394908841,0.28288802889576886,5814
mynio,2597,1288.112,0.5400291120815138,0.2678544395924309,4809
BTN,8252,4480.835999999999,0.5590028451429345,0.3035385449126134,14762
StRoGo,2393,1201.286,0.5329621380846326,0.2675469933184855,4490
darchevile,2506,1260.5179999999998,0.5471615720524018,0.27522227074235805,4580
quix,2879,1574.813,0.5307890855457227,0.29034162979351036,5424
Avou,2619,1445.688,0.4901740595171252,0.27057608085345314,5343
